Country Name,Country Code,Indicator Name,Indicator Code,1960,1961,1962,1963,1964,1965,1966,1967,1968,1969,1970,1971,1972,1973,1974,1975,1976,1977,1978,1979,1980,1981,1982,1983,1984,1985,1986,1987,1988,1989,1990,1991,1992,1993,1994,1995,1996,1997,1998,1999,2000,2001,2002,2003,2004,2005,2006,2007,2008,2009,2010,2011,2012,2013,2014,2015,2016,2017,2018,2019,2020
Aruba,ABW,Bank nonperforming loans to total gross loans (%),FB.AST.NPER.ZS,,,,,,,,,,,,,,,,,,,,,,,,,,,,,,,,,,,,,,,,,,,,,,,,,,,,,,,,,,,,,
Africa Eastern and Southern,AFE,Bank nonperforming loans to total gross loans (%),FB.AST.NPER.ZS,,,,,,,,,,,,,,,,,,,,,,,,,,,,,,,,,,,,,,,,,,,,,,,,,,,,,,,,,,,,,
Afghanistan,AFG,Bank nonperforming loans to total gross loans (%),FB.AST.NPER.ZS,,,,,,,,,,,,,,,,,,,,,,,,,,,,,,,,,,,,,,,,,,,,,,,,,,,49.90132291,4.696817825,4.958901404,4.852287048,7.781090896,12.05361798,11.07437896,12.20183019,8.886660184,,
Africa Western and Central,AFW,Bank nonperforming loans to total gross loans (%),FB.AST.NPER.ZS,,,,,,,,,,,,,,,,,,,,,,,,,,,,,,,,,,,,,,,,,,,,,,,,,,,,,,,,,,,,,
Angola,AGO,Bank nonperforming loans to total gross loans (%),FB.AST.NPER.ZS,,,,,,,,,,,,,,,,,,,,,,,,,,,,,,,,,,,,,,,,,,,,,,,,,,,3.173050564,2.014968215,4.350118845,7.97676918,10.19053207,10.61123397,11.28508581,25.83606103,23.24050574,,
Albania,ALB,Bank nonperforming loans to total gross loans (%),FB.AST.NPER.ZS,,,,,,,,,,,,,,,,,,,,,,,,,,,,,,,,,,,,,,,,,,,,,,,,,,,13.96297974,18.76933916,22.4938973,23.49277786,22.80273406,18.16857405,18.26995219,13.23253338,11.084582,8.368958007,8.113899884
Andorra,AND,Bank nonperforming loans to total gross loans (%),FB.AST.NPER.ZS,,,,,,,,,,,,,,,,,,,,,,,,,,,,,,,,,,,,,,,,,,,,,,,,,,,,,,,,,,,,,
Arab World,ARB,Bank nonperforming loans to total gross loans (%),FB.AST.NPER.ZS,,,,,,,,,,,,,,,,,,,,,,,,,,,,,,,,,,,,,,,,,,,,,,,,,,,,,,,,,,,,,
United Arab Emirates,ARE,Bank nonperforming loans to total gross loans (%),FB.AST.NPER.ZS,,,,,,,,,,,,,,,,,,,,,,,,,,,,,,,,,,,,,,,,,,,,,,,,,,4.178127834,5.266988962,6.086295813,7.129651752,6.655645965,5.636720012,5.02708123,5.071833428,5.295286504,5.610436526,6.457487958,8.154957712
Argentina,ARG,Bank nonperforming loans to total gross loans (%),FB.AST.NPER.ZS,,,,,,,,,,,,,,,,,,,,,,,,,,,,,,,,,,,,,,,,,,,,,,7.606646772,4.456543481,3.241857854,3.108384744,3.466828307,2.117022874,1.395598406,1.734548721,1.732582431,1.990064383,1.736841818,1.836605544,1.830363712,3.108572249,5.748493054,3.860952775
Armenia,ARM,Bank nonperforming loans to total gross loans (%),FB.AST.NPER.ZS,,,,,,,,,,,,,,,,,,,,,,,,,,,,,,,,,,,,,,,,,,,,,,1.972089483,2.447555686,2.404015724,4.2841892,4.863619002,3.041411299,3.421091513,3.669222171,4.485338923,6.969750428,7.949716684,6.724111251,5.432317779,4.754398251,5.506665829,6.554815729
American Samoa,ASM,Bank nonperforming loans to total gross loans (%),FB.AST.NPER.ZS,,,,,,,,,,,,,,,,,,,,,,,,,,,,,,,,,,,,,,,,,,,,,,,,,,,,,,,,,,,,,
Antigua and Barbuda,ATG,Bank nonperforming loans to total gross loans (%),FB.AST.NPER.ZS,,,,,,,,,,,,,,,,,,,,,,,,,,,,,,,,,,,,,,,,,,,,,,,,,,,,,,,,9.542535833,8.655527037,7.938070514,6.350929,5.33456,6.25661
Australia,AUS,Bank nonperforming loans to total gross loans (%),FB.AST.NPER.ZS,,,,,,,,,,,,,,,,,,,,,,,,,,,,,,,,,,,,,,,,,,,,,,0.564453033,0.57401314,0.559225605,1.355262088,2.018064585,2.14856126,1.968386346,1.701891508,1.365174882,1.013844499,0.888725499,0.947676353,0.85701375,0.901855194,0.961493162,1.107782713
Austria,AUT,Bank nonperforming loans to total gross loans (%),FB.AST.NPER.ZS,,,,,,,,,,,,,,,,,,,,,,,,,,,,,,,,,,,,,,,,,,,,,,,2.739429392,2.242467316,1.903069428,2.250422587,2.830717152,2.706815505,2.813364766,2.866541695,3.473374315,3.392837284,2.695217415,2.368895442,1.882428564,1.62862136,
Azerbaijan,AZE,Bank nonperforming loans to total gross loans (%),FB.AST.NPER.ZS,,,,,,,,,,,,,,,,,,,,,,,,,,,,,,,,,,,,,,,,,,,,,,,,,,,,,,,,,,,,,
Burundi,BDI,Bank nonperforming loans to total gross loans (%),FB.AST.NPER.ZS,,,,,,,,,,,,,,,,,,,,,,,,,,,,,,,,,,,,,,,,,,,,,,,,,,,9.315235749,7.393107104,8.168285441,9.886951955,10.82291505,17.91669651,21.0565186,14.19008522,,,
Belgium,BEL,Bank nonperforming loans to total gross loans (%),FB.AST.NPER.ZS,,,,,,,,,,,,,,,,,,,,,,,,,,,,,,,,,,,,,,,,,,,,,,,1.280164157,1.157063807,1.652164219,3.075436663,2.79861059,3.302301757,3.738254507,4.244977405,4.175692118,3.789351429,3.432033252,2.924793545,2.268265705,2.087069156,2.06995809
Benin,BEN,Bank nonperforming loans to total gross loans (%),FB.AST.NPER.ZS,,,,,,,,,,,,,,,,,,,,,,,,,,,,,,,,,,,,,,,,,,,,,,,,,,,,,,,,,,,,,
Burkina Faso,BFA,Bank nonperforming loans to total gross loans (%),FB.AST.NPER.ZS,,,,,,,,,,,,,,,,,,,,,,,,,,,,,,,,,,,,,,,,,,,,,,,,,,,,,,,,,,,,,
Bangladesh,BGD,Bank nonperforming loans to total gross loans (%),FB.AST.NPER.ZS,,,,,,,,,,,,,,,,,,,,,,,,,,,,,,,,,,,,,,,,,,,,,,,,,,,,5.849001532,9.728075628,8.641851749,9.365169371,8.397904346,8.858525624,8.895660059,9.887329666,8.902133352,7.737548734
Bulgaria,BGR,Bank nonperforming loans to total gross loans (%),FB.AST.NPER.ZS,,,,,,,,,,,,,,,,,,,,,,,,,,,,,,,,,,,,,,,,,,,,,,,,,2.403906529,6.422933859,11.91770876,14.97361396,16.62632093,16.87852083,16.74652942,14.61205086,13.17306553,10.43445342,7.801561773,6.621299437,5.798352022
Bahrain,BHR,Bank nonperforming loans to total gross loans (%),FB.AST.NPER.ZS,,,,,,,,,,,,,,,,,,,,,,,,,,,,,,,,,,,,,,,,,,,,,,,,,,,,,,,,,,,,,
"Bahamas, The",BHS,Bank nonperforming loans to total gross loans (%),FB.AST.NPER.ZS,,,,,,,,,,,,,,,,,,,,,,,,,,,,,,,,,,,,,,,,,,,,,,,,,,,,,,,,,,,,,
Bosnia and Herzegovina,BIH,Bank nonperforming loans to total gross loans (%),FB.AST.NPER.ZS,,,,,,,,,,,,,,,,,,,,,,,,,,,,,,,,,,,,,,,,,21.21596483,17.90710073,11.01721963,8.385825726,6.073544273,5.276053668,3.998761503,3.018591918,3.091207942,5.871207252,11.42178218,11.79971408,13.46568823,15.11984787,14.16531238,13.70841587,11.77771908,10.04627515,8.77033548,7.411657058,6.122402156
Belarus,BLR,Bank nonperforming loans to total gross loans (%),FB.AST.NPER.ZS,,,,,,,,,,,,,,,,,,,,,,,,,,,,,,,,,,,,,,,,,,,,,,,,,,,3.548804271,4.159595812,5.501874006,4.447331358,4.371304034,6.834947964,12.79117428,12.85219447,5.010286238,4.627878139,4.82924274
Belize,BLZ,Bank nonperforming loans to total gross loans (%),FB.AST.NPER.ZS,,,,,,,,,,,,,,,,,,,,,,,,,,,,,,,,,,,,,,,,,,,,,,,,,,,,,,,,,,,,,
Bermuda,BMU,Bank nonperforming loans to total gross loans (%),FB.AST.NPER.ZS,,,,,,,,,,,,,,,,,,,,,,,,,,,,,,,,,,,,,,,,,,,,,,,,,,,,,,,,,,,,,
Bolivia,BOL,Bank nonperforming loans to total gross loans (%),FB.AST.NPER.ZS,,,,,,,,,,,,,,,,,,,,,,,,,,,,,,,,,,,,,,,,,,,,,,,,,,,2.140980161,1.644995554,1.453599772,1.484732245,1.502379505,1.499928612,1.576957601,1.702430779,1.731677762,1.866003686,1.514630126
Brazil,BRA,Bank nonperforming loans to total gross loans (%),FB.AST.NPER.ZS,,,,,,,,,,,,,,,,,,,,,,,,,,,,,,,,,,,,,,,,,,,,,,3.525531791,3.460664045,2.982603913,3.106392568,4.214994697,3.107724172,3.466864091,3.446823393,2.857282293,2.854799955,3.31178796,3.916639098,3.58571901,3.053058314,3.110636096,2.242700111
Barbados,BRB,Bank nonperforming loans to total gross loans (%),FB.AST.NPER.ZS,,,,,,,,,,,,,,,,,,,,,,,,,,,,,,,,,,,,,,,,,,,,,,,,,,,,,,,,,,,,,
Brunei Darussalam,BRN,Bank nonperforming loans to total gross loans (%),FB.AST.NPER.ZS,,,,,,,,,,,,,,,,,,,,,,,,,,,,,,,,,,,,,,,,,,,,,,,,,,9.36467132,6.867029759,6.032013976,5.376157619,4.525302009,3.850594241,3.998351804,4.748898811,3.661009192,4.669850726,3.899498747,3.872776963
Bhutan,BTN,Bank nonperforming loans to total gross loans (%),FB.AST.NPER.ZS,,,,,,,,,,,,,,,,,,,,,,,,,,,,,,,,,,,,,,,,,,,,,,,,,,6.830490276,5.20416391,3.918596732,5.436822667,6.952498279,6.75215843,6.594168414,7.186745768,8.417308419,7.02804491,8.446604027,
Botswana,BWA,Bank nonperforming loans to total gross loans (%),FB.AST.NPER.ZS,,,,,,,,,,,,,,,,,,,,,,,,,,,,,,,,,,,,,,,,,,,,,,,,,,,,,2.620608093,3.613430059,3.549454903,3.734355242,4.852641333,5.276903014,5.426319239,4.787974207,4.323439372
Central African Republic,CAF,Bank nonperforming loans to total gross loans (%),FB.AST.NPER.ZS,,,,,,,,,,,,,,,,,,,,,,,,,,,,,,,,,,,,,,,,,,,,,,,,,,,12.63801359,11.9962583,9.58298324,28.50158721,27.66216747,30.86475245,25.61074992,22.9381611,15.59115392,12.58274357,
Canada,CAN,Bank nonperforming loans to total gross loans (%),FB.AST.NPER.ZS,,,,,,,,,,,,,,,,,,,,,,,,,,,,,,,,,,,,,,,,,,,,,,0.499517649,0.420325955,0.431596614,0.763250457,1.266870558,1.192457242,0.844688791,0.651152891,0.574918196,0.517878595,0.516596294,0.596050945,0.44946104,0.505214192,0.503405461,0.533314765
Central Europe and the Baltics,CEB,Bank nonperforming loans to total gross loans (%),FB.AST.NPER.ZS,,,,,,,,,,,,,,,,,,,,,,,,,,,,,,,,,,,,,,,,,,,,,,,,,,,,,,,,,,,,,
Switzerland,CHE,Bank nonperforming loans to total gross loans (%),FB.AST.NPER.ZS,,,,,,,,,,,,,,,,,,,,,,,,,,,,,,,,,,,,,,,,,,,,,,1.292033032,0.957138568,0.774380388,0.945475351,1.120762389,0.921783628,0.842058154,0.794555821,0.776052312,0.724263678,0.749519975,0.741723819,0.639265877,0.661973848,0.645492573,0.748812316
Channel Islands,CHI,Bank nonperforming loans to total gross loans (%),FB.AST.NPER.ZS,,,,,,,,,,,,,,,,,,,,,,,,,,,,,,,,,,,,,,,,,,,,,,,,,,,,,,,,,,,,,
Chile,CHL,Bank nonperforming loans to total gross loans (%),FB.AST.NPER.ZS,,,,,,,,,,,,,,,,,,,,,,,,,,,,,,,,,,,,,,,,,,1.619158778,1.822996838,1.634837878,1.202497505,0.905289363,0.748131241,0.750701585,0.976461981,2.925637569,2.693280314,2.34645556,2.157151824,2.10543292,2.059665284,1.874663267,1.832636162,1.916362509,1.872014621,2.055049193,1.552989248
China,CHN,Bank nonperforming loans to total gross loans (%),FB.AST.NPER.ZS,,,,,,,,,,,,,,,,,,,,,,,,,,,,,,,,,,,,,,,,,,,,,,,,,,,1.132370451,0.961585529,0.95367433,0.999702805,1.248733356,1.673880164,1.744479345,1.744354606,1.832948832,1.861754853,1.839619692
Cote d'Ivoire,CIV,Bank nonperforming loans to total gross loans (%),FB.AST.NPER.ZS,,,,,,,,,,,,,,,,,,,,,,,,,,,,,,,,,,,,,,,,,,,,,,,,,,,,,,,,,,,,,
Cameroon,CMR,Bank nonperforming loans to total gross loans (%),FB.AST.NPER.ZS,,,,,,,,,,,,,,,,,,,,,,,,,,,,,,,,,,,,,,,,,,,,,,,,,,,10.10134847,11.44671108,11.55280071,10.29533141,9.70168699,9.315176962,10.65187215,10.83590406,12.39271898,12.81048264,
"Congo, Dem. Rep.",COD,Bank nonperforming loans to total gross loans (%),FB.AST.NPER.ZS,,,,,,,,,,,,,,,,,,,,,,,,,,,,,,,,,,,,,,,,,,,,,,,,,,,,,,,,,,,,,
"Congo, Rep.",COG,Bank nonperforming loans to total gross loans (%),FB.AST.NPER.ZS,,,,,,,,,,,,,,,,,,,,,,,,,,,,,,,,,,,,,,,,,,,,,,,,,,,0.964372339,1.078087025,1.519315059,1.224875492,2.506063396,3.572579699,4.84773547,13.2901315,18.19747057,23.07392863,
Colombia,COL,Bank nonperforming loans to total gross loans (%),FB.AST.NPER.ZS,,,,,,,,,,,,,,,,,,,,,,,,,,,,,,,,,,,,,,,,,,,,,,2.74843383,2.659818483,3.229293275,3.932178286,4.012838351,2.863376564,2.495543848,2.758441266,2.771992666,2.915260841,2.847672788,3.124536536,4.179781455,4.400375474,4.174405473,4.80223084
Comoros,COM,Bank nonperforming loans to total gross loans (%),FB.AST.NPER.ZS,,,,,,,,,,,,,,,,,,,,,,,,,,,,,,,,,,,,,,,,,,,,,,,,,,,15.65958378,17.62427566,19.78331354,18.86195978,20.29872135,20.54764962,21.67501073,24.79948768,24.34612267,22.51173131,23.65814465
Cabo Verde,CPV,Bank nonperforming loans to total gross loans (%),FB.AST.NPER.ZS,,,,,,,,,,,,,,,,,,,,,,,,,,,,,,,,,,,,,,,,,,,,,,,,,,,,,,,,,,,,,
Costa Rica,CRI,Bank nonperforming loans to total gross loans (%),FB.AST.NPER.ZS,,,,,,,,,,,,,,,,,,,,,,,,,,,,,,,,,,,,,,,,,,,,,,,,,1.535661424,2.05989759,1.855204646,1.816876565,1.745156217,1.74861175,1.552950601,1.664178415,1.553238134,2.053281605,2.117731167,2.395296056,2.429921513
Caribbean small states,CSS,Bank nonperforming loans to total gross loans (%),FB.AST.NPER.ZS,,,,,,,,,,,,,,,,,,,,,,,,,,,,,,,,,,,,,,,,,,,,,,,,,,,,,,,,,,,,,
Cuba,CUB,Bank nonperforming loans to total gross loans (%),FB.AST.NPER.ZS,,,,,,,,,,,,,,,,,,,,,,,,,,,,,,,,,,,,,,,,,,,,,,,,,,,,,,,,,,,,,
Curacao,CUW,Bank nonperforming loans to total gross loans (%),FB.AST.NPER.ZS,,,,,,,,,,,,,,,,,,,,,,,,,,,,,,,,,,,,,,,,,,,,,,,,,,,,,,,,,,,,,
Cayman Islands,CYM,Bank nonperforming loans to total gross loans (%),FB.AST.NPER.ZS,,,,,,,,,,,,,,,,,,,,,,,,,,,,,,,,,,,,,,,,,,,,,,,,,,,,,,,,,,,,,
Cyprus,CYP,Bank nonperforming loans to total gross loans (%),FB.AST.NPER.ZS,,,,,,,,,,,,,,,,,,,,,,,,,,,,,,,,,,,,,,,,,,,,,,,,,3.59414948,4.509363029,5.821722599,9.9862342,18.37494562,38.5570399,44.97207276,47.74784577,36.69911774,31.38889468,19.52051022,17.09310365,15.01908354
Czech Republic,CZE,Bank nonperforming loans to total gross loans (%),FB.AST.NPER.ZS,,,,,,,,,,,,,,,,,,,,,,,,,,,,,,,,,,,,,,,,,,,,,,,,2.366447254,2.80546423,4.577953083,5.386066668,5.21725204,5.239479047,5.19728134,5.607417814,5.484051894,4.594897951,3.741720363,3.140117288,2.702824334,2.956978177
Germany,DEU,Bank nonperforming loans to total gross loans (%),FB.AST.NPER.ZS,,,,,,,,,,,,,,,,,,,,,,,,,,,,,,,,,,,,,,,,,,,,,,4.05,3.41,2.65,2.85,3.31,3.2,3.03,2.86,2.7,2.34,1.97,1.71,1.5,1.24,1.05,
Djibouti,DJI,Bank nonperforming loans to total gross loans (%),FB.AST.NPER.ZS,,,,,,,,,,,,,,,,,,,,,,,,,,,,,,,,,,,,,,,,,,,,,,,,,,,,,11.53436645,15.33685296,18.72966839,19.95488696,22.47330586,16.52131705,18.06011336,16.03658403,13.2506633
Dominica,DMA,Bank nonperforming loans to total gross loans (%),FB.AST.NPER.ZS,,,,,,,,,,,,,,,,,,,,,,,,,,,,,,,,,,,,,,,,,,,,,,,,,,,,,,,,15.12061835,14.45085923,17.43379656,17.016617,12.236643,15.011725
Denmark,DNK,Bank nonperforming loans to total gross loans (%),FB.AST.NPER.ZS,,,,,,,,,,,,,,,,,,,,,,,,,,,,,,,,,,,,,,,,,,,,,,,,,,,4.068636311,3.660342887,5.950517803,4.618143705,4.400790738,3.686235936,3.210123343,2.294291547,1.710304865,1.715103231,1.816001736
Dominican Republic,DOM,Bank nonperforming loans to total gross loans (%),FB.AST.NPER.ZS,,,,,,,,,,,,,,,,,,,,,,,,,,,,,,,,,,,,,,,,,,,,,,,,,3.669708371,4.274085323,3.129194202,2.870638023,3.454860114,2.251796832,1.536489931,1.725949889,1.73698833,1.90658627,1.61766972,,
Algeria,DZA,Bank nonperforming loans to total gross loans (%),FB.AST.NPER.ZS,,,,,,,,,,,,,,,,,,,,,,,,,,,,,,,,,,,,,,,,,,,,,,,,,,21.14155081,18.31,14.39830596,11.72638145,10.56397122,9.934960475,9.767345351,12.08915906,12.95850229,12.69740126,,
East Asia & Pacific (excluding high income),EAP,Bank nonperforming loans to total gross loans (%),FB.AST.NPER.ZS,,,,,,,,,,,,,,,,,,,,,,,,,,,,,,,,,,,,,,,,,,,,,,,,,,,,,,,,,,,,,
Early-demographic dividend,EAR,Bank nonperforming loans to total gross loans (%),FB.AST.NPER.ZS,,,,,,,,,,,,,,,,,,,,,,,,,,,,,,,,,,,,,,,,,,,,,,,,,,,,,,,,,,,,,
East Asia & Pacific,EAS,Bank nonperforming loans to total gross loans (%),FB.AST.NPER.ZS,,,,,,,,,,,,,,,,,,,,,,,,,,,,,,,,,,,,,,,,,,,,,,,,,,,,,,,,,,,,,
Europe & Central Asia (excluding high income),ECA,Bank nonperforming loans to total gross loans (%),FB.AST.NPER.ZS,,,,,,,,,,,,,,,,,,,,,,,,,,,,,,,,,,,,,,,,,,,,,,,,,,,,,,,,,,,,,
Europe & Central Asia,ECS,Bank nonperforming loans to total gross loans (%),FB.AST.NPER.ZS,,,,,,,,,,,,,,,,,,,,,,,,,,,,,,,,,,,,,,,,,,,,,,,,,,,,,,,,,,,,,
Ecuador,ECU,Bank nonperforming loans to total gross loans (%),FB.AST.NPER.ZS,,,,,,,,,,,,,,,,,,,,,,,,,,,,,,,,,,,,,,,,,,,10.86992632,9.502791141,7.192883302,5.434726951,3.982310746,3.696521795,3.43917859,4.105402662,3.354596288,3.197726975,3.756021348,3.557146773,3.583712267,4.404064182,3.964329688,3.30948194,2.949234019,3.15128363,
"Egypt, Arab Rep.",EGY,Bank nonperforming loans to total gross loans (%),FB.AST.NPER.ZS,,,,,,,,,,,,,,,,,,,,,,,,,,,,,,,,,,,,,,,,,,,,,,,,,,,,,,,,,,,,,
Euro area,EMU,Bank nonperforming loans to total gross loans (%),FB.AST.NPER.ZS,,,,,,,,,,,,,,,,,,,,,,,,,,,,,,,,,,,,,,,,,,,,,,,,,,,,,,,,,,,,,
Eritrea,ERI,Bank nonperforming loans to total gross loans (%),FB.AST.NPER.ZS,,,,,,,,,,,,,,,,,,,,,,,,,,,,,,,,,,,,,,,,,,,,,,,,,,,,,,,,,,,,,
Spain,ESP,Bank nonperforming loans to total gross loans (%),FB.AST.NPER.ZS,,,,,,,,,,,,,,,,,,,,,,,,,,,,,,,,,,,,,,,,,,,,,,0.79436611,0.701194506,0.896581395,2.807693691,4.121031336,4.668372132,6.007281034,7.48390356,9.380729632,8.452782349,6.162376611,5.635257621,4.461202066,3.68642502,3.152827246,2.851226662
Estonia,EST,Bank nonperforming loans to total gross loans (%),FB.AST.NPER.ZS,,,,,,,,,,,,,,,,,,,,,,,,,,,,,,,,,,,,,,,,,,,,,,,,,1.944684776,5.202311417,5.375486401,4.045307443,2.622666595,1.474622315,1.388236099,0.981873691,0.869768013,0.698391486,0.453036142,0.36087432,0.346892561
Ethiopia,ETH,Bank nonperforming loans to total gross loans (%),FB.AST.NPER.ZS,,,,,,,,,,,,,,,,,,,,,,,,,,,,,,,,,,,,,,,,,,,,,,,,,,,,,,,,,,3.412864319,3.56052322,2.671735821,3.429771877
European Union,EUU,Bank nonperforming loans to total gross loans (%),FB.AST.NPER.ZS,,,,,,,,,,,,,,,,,,,,,,,,,,,,,,,,,,,,,,,,,,,,,,,,,,,,,,,,,,,,,
Fragile and conflict affected situations,FCS,Bank nonperforming loans to total gross loans (%),FB.AST.NPER.ZS,,,,,,,,,,,,,,,,,,,,,,,,,,,,,,,,,,,,,,,,,,,,,,,,,,,,,,,,,,,,,
Finland,FIN,Bank nonperforming loans to total gross loans (%),FB.AST.NPER.ZS,,,,,,,,,,,,,,,,,,,,,,,,,,,,,,,,,,,,,,,,,,,,,,,,,,,,,,,1.297026155,1.341824344,1.516812727,1.671621328,1.425572846,1.390401553,
Fiji,FJI,Bank nonperforming loans to total gross loans (%),FB.AST.NPER.ZS,,,,,,,,,,,,,,,,,,,,,,,,,,,,,,,,,,,,,,,,,6.830281793,8.000837422,6.586285497,4.656563682,4.226175449,3.685063943,2.45452535,5.682117344,3.130116789,3.741005492,4.372729287,3.859337358,4.185207472,2.687859707,2.156503473,1.448191369,2.236873118,2.424460657,3.089256749,3.838351272,
France,FRA,Bank nonperforming loans to total gross loans (%),FB.AST.NPER.ZS,,,,,,,,,,,,,,,,,,,,,,,,,,,,,,,,,,,,,,,,,,,,,,,,,2.819420253,4.021931127,3.758573893,4.291449589,4.294523274,4.49543408,4.162499284,4.045254299,3.702759075,3.123595653,2.748341623,2.473143665,2.705338997
Faroe Islands,FRO,Bank nonperforming loans to total gross loans (%),FB.AST.NPER.ZS,,,,,,,,,,,,,,,,,,,,,,,,,,,,,,,,,,,,,,,,,,,,,,,,,,,,,,,,,,,,,
"Micronesia, Fed. Sts.",FSM,Bank nonperforming loans to total gross loans (%),FB.AST.NPER.ZS,,,,,,,,,,,,,,,,,,,,,,,,,,,,,,,,,,,,,,,,,,,,,,,,,,,,,,2.92935498,2.63222713,2.044017138,,,,,
Gabon,GAB,Bank nonperforming loans to total gross loans (%),FB.AST.NPER.ZS,,,,,,,,,,,,,,,,,,,,,,,,,,,,,,,,,,,,,,,,,,,,,,,,,,,3.159006906,2.778456701,2.549806194,2.742400869,4.067032102,5.259199348,10.65187215,10.83590406,12.39271898,12.81048264,
United Kingdom,GBR,Bank nonperforming loans to total gross loans (%),FB.AST.NPER.ZS,,,,,,,,,,,,,,,,,,,,,,,,,,,,,,,,,,,,,,,,,,,,,,,,,1.55697369,3.508657018,3.954833788,3.961868206,3.586284008,3.111741739,1.654392455,1.014508466,0.940161284,0.73465975,1.072627545,1.079503996,1.215664822
Georgia,GEO,Bank nonperforming loans to total gross loans (%),FB.AST.NPER.ZS,,,,,,,,,,,,,,,,,,,,,,,,,,,,,,,,,,,,,,,,,,,,2.343194656,1.971567664,1.194325981,0.805882164,0.838418571,4.058081305,6.255441029,5.919682705,4.526001601,3.680255502,3.031716066,3.02706443,2.711451144,3.446975017,2.77879997,2.678868344,1.928409565,2.267438336
Ghana,GHA,Bank nonperforming loans to total gross loans (%),FB.AST.NPER.ZS,,,,,,,,,,,,,,,,,,,,,,,,,,,,,,,,,,,,,,,,,,,,,,,,,7.677725668,16.20000001,18.0818565,14.14598929,13.19667147,11.99893516,11.26917303,14.67361734,17.29440057,21.59124922,18.18715299,13.94191126,
Gibraltar,GIB,Bank nonperforming loans to total gross loans (%),FB.AST.NPER.ZS,,,,,,,,,,,,,,,,,,,,,,,,,,,,,,,,,,,,,,,,,,,,,,,,,,,,,,,,,,,,,
Guinea,GIN,Bank nonperforming loans to total gross loans (%),FB.AST.NPER.ZS,,,,,,,,,,,,,,,,,,,,,,,,,,,,,,,,,,,,,,,,,,,,,,,,,,,,,,6.202335649,,6.071753255,9.442344658,10.67558596,11.55506646,9.899026964,9.379682282
"Gambia, The",GMB,Bank nonperforming loans to total gross loans (%),FB.AST.NPER.ZS,,,,,,,,,,,,,,,,,,,,,,,,,,,,,,,,,,,,,,,,,,,,,,12.56851093,13.18723002,10.43608716,13.67534668,12.3091898,14.51595428,12.14590445,12.03900482,19.07047469,7.22312243,6.486070011,9.322760534,7.33747092,3.152658621,4.546706808,
Guinea-Bissau,GNB,Bank nonperforming loans to total gross loans (%),FB.AST.NPER.ZS,,,,,,,,,,,,,,,,,,,,,,,,,,,,,,,,,,,,,,,,,,,,,,,,,,,,,,,,,,,,,
Equatorial Guinea,GNQ,Bank nonperforming loans to total gross loans (%),FB.AST.NPER.ZS,,,,,,,,,,,,,,,,,,,,,,,,,,,,,,,,,,,,,,,,,,,,,,,,,,,4.72033073,4.417818771,5.767751007,20.13022598,19.73517898,16.79902771,24.64187195,27.20331564,36.67750458,48.81276857,
Greece,GRC,Bank nonperforming loans to total gross loans (%),FB.AST.NPER.ZS,,,,,,,,,,,,,,,,,,,,,,,,,,,,,,,,,,,,,,,,,,,,,,,,,4.672747729,6.953954606,9.117344332,14.42825429,23.27038879,31.89893847,33.77527114,36.64743632,36.29866614,45.57231955,41.98786723,36.4485403,26.97804432
Grenada,GRD,Bank nonperforming loans to total gross loans (%),FB.AST.NPER.ZS,,,,,,,,,,,,,,,,,,,,,,,,,,,,,,,,,,,,,,,,,,,,,,,,,,,,,,,,9.95035627,6.700865133,3.906644635,2.402814,2.202504,2.236326
Greenland,GRL,Bank nonperforming loans to total gross loans (%),FB.AST.NPER.ZS,,,,,,,,,,,,,,,,,,,,,,,,,,,,,,,,,,,,,,,,,,,,,,,,,,,,,,,,,,,,,
Guatemala,GTM,Bank nonperforming loans to total gross loans (%),FB.AST.NPER.ZS,,,,,,,,,,,,,,,,,,,,,,,,,,,,,,,,,,,,,,,,,,,,,,,,,,2.71061567,2.110396747,1.606132395,1.344539703,1.193125332,1.287754919,1.347322995,2.054754364,2.323998163,2.176221049,2.201272044,1.830087504
Guam,GUM,Bank nonperforming loans to total gross loans (%),FB.AST.NPER.ZS,,,,,,,,,,,,,,,,,,,,,,,,,,,,,,,,,,,,,,,,,,,,,,,,,,,,,,,,,,,,,
Guyana,GUY,Bank nonperforming loans to total gross loans (%),FB.AST.NPER.ZS,,,,,,,,,,,,,,,,,,,,,,,,,,,,,,,,,,,,,,,,,,,,,,,,,,,,,,,,,,,,,
High income,HIC,Bank nonperforming loans to total gross loans (%),FB.AST.NPER.ZS,,,,,,,,,,,,,,,,,,,,,,,,,,,,,,,,,,,,,,,,,,,,,,,,,,,,,,,,,,,,,
"Hong Kong SAR, China",HKG,Bank nonperforming loans to total gross loans (%),FB.AST.NPER.ZS,,,,,,,,,,,,,,,,,,,,,,,,,,,,,,,,,,,,,,,,,,,,,,,,,1.23,1.58,0.83,0.69,0.6,0.54,0.51,0.73,0.854318089,0.668925745,0.546970804,0.568032237,0.902373531
Honduras,HND,Bank nonperforming loans to total gross loans (%),FB.AST.NPER.ZS,,,,,,,,,,,,,,,,,,,,,,,,,,,,,,,,,,,,,,,,,,,,,,,3.954540028,3.059380585,4.336795471,4.739597316,3.663546875,2.937417008,3.287203166,3.39335993,3.270802403,3.056320984,2.921203881,2.362831739,2.145224364,2.262165035,3.069420359
Heavily indebted poor countries (HIPC),HPC,Bank nonperforming loans to total gross loans (%),FB.AST.NPER.ZS,,,,,,,,,,,,,,,,,,,,,,,,,,,,,,,,,,,,,,,,,,,,,,,,,,,,,,,,,,,,,
Croatia,HRV,Bank nonperforming loans to total gross loans (%),FB.AST.NPER.ZS,,,,,,,,,,,,,,,,,,,,,,,,,,,,,,,,,,,,,,,,,,,,,,,5.185204948,4.75250584,4.872228506,7.659951764,11.0922699,12.27291593,13.75955278,15.43036975,16.70609717,16.3302564,13.60936127,11.20154184,9.706921858,6.989631595,7.177600339
Haiti,HTI,Bank nonperforming loans to total gross loans (%),FB.AST.NPER.ZS,,,,,,,,,,,,,,,,,,,,,,,,,,,,,,,,,,,,,,,,,,,,,,,,,,,,,,,,,,,,,
Hungary,HUN,Bank nonperforming loans to total gross loans (%),FB.AST.NPER.ZS,,,,,,,,,,,,,,,,,,,,,,,,,,,,,,,,,,,,,,,,,,,,,,,,,3.229770535,8.236627206,10.0371611,13.67749469,16.04282862,16.82572837,15.62152681,11.66312603,7.423562097,4.167788043,2.465299559,1.509118843,0.934625256
IBRD only,IBD,Bank nonperforming loans to total gross loans (%),FB.AST.NPER.ZS,,,,,,,,,,,,,,,,,,,,,,,,,,,,,,,,,,,,,,,,,,,,,,,,,,,,,,,,,,,,,
IDA & IBRD total,IBT,Bank nonperforming loans to total gross loans (%),FB.AST.NPER.ZS,,,,,,,,,,,,,,,,,,,,,,,,,,,,,,,,,,,,,,,,,,,,,,,,,,,,,,,,,,,,,
IDA total,IDA,Bank nonperforming loans to total gross loans (%),FB.AST.NPER.ZS,,,,,,,,,,,,,,,,,,,,,,,,,,,,,,,,,,,,,,,,,,,,,,,,,,,,,,,,,,,,,
IDA blend,IDB,Bank nonperforming loans to total gross loans (%),FB.AST.NPER.ZS,,,,,,,,,,,,,,,,,,,,,,,,,,,,,,,,,,,,,,,,,,,,,,,,,,,,,,,,,,,,,
Indonesia,IDN,Bank nonperforming loans to total gross loans (%),FB.AST.NPER.ZS,,,,,,,,,,,,,,,,,,,,,,,,,,,,,,,,,,,,,,,,,,,,,,7.333013324,5.892713538,3.998855097,3.1897163,3.288387381,2.531875608,2.144126805,1.773381885,1.68676678,2.066817454,2.431042481,2.89634913,2.557004818,2.292082465,2.43274364,2.750600762
IDA only,IDX,Bank nonperforming loans to total gross loans (%),FB.AST.NPER.ZS,,,,,,,,,,,,,,,,,,,,,,,,,,,,,,,,,,,,,,,,,,,,,,,,,,,,,,,,,,,,,
Isle of Man,IMN,Bank nonperforming loans to total gross loans (%),FB.AST.NPER.ZS,,,,,,,,,,,,,,,,,,,,,,,,,,,,,,,,,,,,,,,,,,,,,,,,,,,,,,,,,,,,,
India,IND,Bank nonperforming loans to total gross loans (%),FB.AST.NPER.ZS,,,,,,,,,,,,,,,,,,,,,,,,,,,,,,,,,,,,,,,,,,,,,,,,,2.449712061,,,2.670195015,3.373953917,4.027728635,4.345849763,5.883522274,9.185519464,9.98,9.460956912,9.234428991,7.938830725
Not classified,INX,Bank nonperforming loans to total gross loans (%),FB.AST.NPER.ZS,,,,,,,,,,,,,,,,,,,,,,,,,,,,,,,,,,,,,,,,,,,,,,,,,,,,,,,,,,,,,
Ireland,IRL,Bank nonperforming loans to total gross loans (%),FB.AST.NPER.ZS,,,,,,,,,,,,,,,,,,,,,,,,,,,,,,,,,,,,,,,,,,,,,,0.480366744,0.534720753,0.629176742,1.922521151,9.796366608,13.04693699,16.12146808,24.98767855,25.70858766,20.64880382,14.93487976,13.61006238,11.4589229,5.729642548,3.363837125,3.540636618
"Iran, Islamic Rep.",IRN,Bank nonperforming loans to total gross loans (%),FB.AST.NPER.ZS,,,,,,,,,,,,,,,,,,,,,,,,,,,,,,,,,,,,,,,,,,,,,,,,,,,,,,,,,,,,,
Iraq,IRQ,Bank nonperforming loans to total gross loans (%),FB.AST.NPER.ZS,,,,,,,,,,,,,,,,,,,,,,,,,,,,,,,,,,,,,,,,,,,,,,,,,,,,,,,,9.017088839,12.68881404,14.84021377,17.54757134,16.18144997,
Iceland,ISL,Bank nonperforming loans to total gross loans (%),FB.AST.NPER.ZS,,,,,,,,,,,,,,,,,,,,,,,,,,,,,,,,,,,,,,,,,,,,,,,,,,,,,,,,5.852256894,4.122798119,2.864099511,2.513296399,2.928024512,2.902170364
Israel,ISR,Bank nonperforming loans to total gross loans (%),FB.AST.NPER.ZS,,,,,,,,,,,,,,,,,,,,,,,,,,,,,,,,,,,,,,,,,,,,,,,,,,,,3.418928009,3.501006316,2.860837526,2.151076503,1.844786133,1.605108189,1.290660051,1.227196971,1.388009142,1.475994926
Italy,ITA,Bank nonperforming loans to total gross loans (%),FB.AST.NPER.ZS,,,,,,,,,,,,,,,,,,,,,,,,,,,,,,,,,,,,,,,,,,,,,,6.996173137,6.568114576,5.777608219,6.28258104,9.446343739,10.02783707,11.74234918,13.74636964,16.54270564,18.03304698,18.06436883,17.11623852,14.38329904,8.386283164,6.749184435,4.359720737
Jamaica,JAM,Bank nonperforming loans to total gross loans (%),FB.AST.NPER.ZS,,,,,,,,,,,,,,,,,,,,,,,,,,,,,,,,,,,,,,,,,,,,,,,,,,,,,,,,,,,,,
Jordan,JOR,Bank nonperforming loans to total gross loans (%),FB.AST.NPER.ZS,,,,,,,,,,,,,,,,,,,,,,,,,,,,,,,,,,,,,,,,,,,,,,,,,,,,,,,,5.767689447,5.455306316,5.265186602,5.385451087,,
Japan,JPN,Bank nonperforming loans to total gross loans (%),FB.AST.NPER.ZS,,,,,,,,,,,,,,,,,,,,,,,,,,,,,,,,,,,,,,,,,,,,,,,,,,,,,,,,,,,,,
Kazakhstan,KAZ,Bank nonperforming loans to total gross loans (%),FB.AST.NPER.ZS,,,,,,,,,,,,,,,,,,,,,,,,,,,,,,,,,,,,,,,,,,,,,,,,,7.089774717,18.92340541,20.93062364,20.66546795,19.38986665,19.4708308,12.39214317,7.952540572,6.718352222,9.309768084,7.385382949,8.142639362,
Kenya,KEN,Bank nonperforming loans to total gross loans (%),FB.AST.NPER.ZS,,,,,,,,,,,,,,,,,,,,,,,,,,,,,,,,,,,,,,,,,,,,,,,19.35060098,10.22965983,9.006773508,7.999081816,6.291488753,4.428670361,4.594229561,5.046417709,5.455119724,5.988764074,11.66126002,9.949128289,11.69122013,12.01409248,14.13866299
Kyrgyz Republic,KGZ,Bank nonperforming loans to total gross loans (%),FB.AST.NPER.ZS,,,,,,,,,,,,,,,,,,,,,,,,,,,,,,,,,,,,,,,,,,,,,,,,,,,14.77571864,9.398212212,6.551113669,5.090466037,4.182599031,6.742859249,8.517748483,7.367916364,7.296957671,7.730684144,10.09354691
Cambodia,KHM,Bank nonperforming loans to total gross loans (%),FB.AST.NPER.ZS,,,,,,,,,,,,,,,,,,,,,,,,,,,,,,,,,,,,,,,,,,,,,,,,,,,3.141878548,2.294388556,2.224690089,2.302677717,1.621339077,1.592739956,2.130630642,2.0724775,1.989620937,1.55383993,1.818625426
Kiribati,KIR,Bank nonperforming loans to total gross loans (%),FB.AST.NPER.ZS,,,,,,,,,,,,,,,,,,,,,,,,,,,,,,,,,,,,,,,,,,,,,,,,,,,,,,,,,,,,,
St. Kitts and Nevis,KNA,Bank nonperforming loans to total gross loans (%),FB.AST.NPER.ZS,,,,,,,,,,,,,,,,,,,,,,,,,,,,,,,,,,,,,,,,,,,,,,,,,,,,,,,,15.45411869,14.66223055,20.46346192,24.686561,24.033904,23.527463
"Korea, Rep.",KOR,Bank nonperforming loans to total gross loans (%),FB.AST.NPER.ZS,,,,,,,,,,,,,,,,,,,,,,,,,,,,,,,,,,,,,,,,,,,,,,,,,0.571914662,0.584500589,0.588001423,0.484155587,0.594291799,0.570682158,0.487829016,0.45685901,0.469220791,0.352361433,0.254435738,0.251149391,
Kuwait,KWT,Bank nonperforming loans to total gross loans (%),FB.AST.NPER.ZS,,,,,,,,,,,,,,,,,,,,,,,,,,,,,,,,,,,,,,,,,,,,,,,,3.847875988,6.804647763,11.4614538,8.95258547,6.984247411,5.191168572,3.640347863,2.890412619,2.371720289,2.224964799,1.949390262,1.623499952,1.776568218,
Latin America & Caribbean (excluding high income),LAC,Bank nonperforming loans to total gross loans (%),FB.AST.NPER.ZS,,,,,,,,,,,,,,,,,,,,,,,,,,,,,,,,,,,,,,,,,,,,,,,,,,,,,,,,,,,,,
Lao PDR,LAO,Bank nonperforming loans to total gross loans (%),FB.AST.NPER.ZS,,,,,,,,,,,,,,,,,,,,,,,,,,,,,,,,,,,,,,,,,,,,,,,,,,,,,,,,,,,,,
Lebanon,LBN,Bank nonperforming loans to total gross loans (%),FB.AST.NPER.ZS,,,,,,,,,,,,,,,,,,,,,,,,,,,,,,,,,,,,,,,,,,,,,,,,,,,,3.756935406,3.786976265,3.965530643,4.00804104,4.19528469,4.879083495,5.666191717,10.25520726,15.19375149,
Liberia,LBR,Bank nonperforming loans to total gross loans (%),FB.AST.NPER.ZS,,,,,,,,,,,,,,,,,,,,,,,,,,,,,,,,,,,,,,,,,,,,,,,,,,,,,,,,,,,,,
Libya,LBY,Bank nonperforming loans to total gross loans (%),FB.AST.NPER.ZS,,,,,,,,,,,,,,,,,,,,,,,,,,,,,,,,,,,,,,,,,,,,,,,,,,,,,,,,,,,,,
St. Lucia,LCA,Bank nonperforming loans to total gross loans (%),FB.AST.NPER.ZS,,,,,,,,,,,,,,,,,,,,,,,,,,,,,,,,,,,,,,,,,,,,,,,,,,,,,,,,18.19641606,13.12462122,12.50423309,10.03019093,8.237341444,11.2859426
Latin America & Caribbean,LCN,Bank nonperforming loans to total gross loans (%),FB.AST.NPER.ZS,,,,,,,,,,,,,,,,,,,,,,,,,,,,,,,,,,,,,,,,,,,,,,,,,,,,,,,,,,,,,
Least developed countries: UN classification,LDC,Bank nonperforming loans to total gross loans (%),FB.AST.NPER.ZS,,,,,,,,,,,,,,,,,,,,,,,,,,,,,,,,,,,,,,,,,,,,,,,,,,,,,,,,,,,,,
Low income,LIC,Bank nonperforming loans to total gross loans (%),FB.AST.NPER.ZS,,,,,,,,,,,,,,,,,,,,,,,,,,,,,,,,,,,,,,,,,,,,,,,,,,,,,,,,,,,,,
Liechtenstein,LIE,Bank nonperforming loans to total gross loans (%),FB.AST.NPER.ZS,,,,,,,,,,,,,,,,,,,,,,,,,,,,,,,,,,,,,,,,,,,,,,,,,,,,,,,,,,,,,
Sri Lanka,LKA,Bank nonperforming loans to total gross loans (%),FB.AST.NPER.ZS,,,,,,,,,,,,,,,,,,,,,,,,,,,,,,,,,,,,,,,,,,,,,,,,,,,,3.815768066,3.627583327,5.575057879,4.234214499,3.240770297,2.633811016,2.498432606,3.420419762,4.699183034,4.928274959
Lower middle income,LMC,Bank nonperforming loans to total gross loans (%),FB.AST.NPER.ZS,,,,,,,,,,,,,,,,,,,,,,,,,,,,,,,,,,,,,,,,,,,,,,,,,,,,,,,,,,,,,
Low & middle income,LMY,Bank nonperforming loans to total gross loans (%),FB.AST.NPER.ZS,,,,,,,,,,,,,,,,,,,,,,,,,,,,,,,,,,,,,,,,,,,,,,,,,,,,,,,,,,,,,
Lesotho,LSO,Bank nonperforming loans to total gross loans (%),FB.AST.NPER.ZS,,,,,,,,,,,,,,,,,,,,,,,,,,,,,,,,,,,,,,,,,,,,,,,,,,3.019809607,3.034467085,2.09514417,2.464773514,3.786819684,4.229256066,4.037792202,3.694411877,4.416400172,3.660464914,3.299057371,4.199084337
Late-demographic dividend,LTE,Bank nonperforming loans to total gross loans (%),FB.AST.NPER.ZS,,,,,,,,,,,,,,,,,,,,,,,,,,,,,,,,,,,,,,,,,,,,,,,,,,,,,,,,,,,,,
Lithuania,LTU,Bank nonperforming loans to total gross loans (%),FB.AST.NPER.ZS,,,,,,,,,,,,,,,,,,,,,,,,,,,,,,,,,,,,,,,,,,,,,,,,,6.083718522,23.99007563,23.3337719,18.84312162,14.80169421,11.58602904,8.186050131,4.949569134,3.660646196,3.177095844,2.27014872,1.044385475,
Luxembourg,LUX,Bank nonperforming loans to total gross loans (%),FB.AST.NPER.ZS,,,,,,,,,,,,,,,,,,,,,,,,,,,,,,,,,,,,,,,,,,,,,,,,,,0.670613945,0.247232603,0.379416485,0.145588493,0.213164408,,,0.904844284,0.791204996,0.89696633,0.738897536,1.028040999
Latvia,LVA,Bank nonperforming loans to total gross loans (%),FB.AST.NPER.ZS,,,,,,,,,,,,,,,,,,,,,,,,,,,,,,,,,,,,,,,,,,,,,,,,,2.097709782,14.27910922,15.93400614,14.05479631,8.723791735,6.407040452,4.597737487,4.644654379,6.255744294,5.5069776,5.288402027,5.0015714,3.089209569
"Macao SAR, China",MAC,Bank nonperforming loans to total gross loans (%),FB.AST.NPER.ZS,,,,,,,,,,,,,,,,,,,,,,,,,,,,,,,,,,,,,,,,,,,,,,,,,,,0.393130049,0.344719586,0.187259446,0.092335312,0.118444607,0.119843706,0.195618684,0.227486975,0.217152,0.239743351,0.347549136
St. Martin (French part),MAF,Bank nonperforming loans to total gross loans (%),FB.AST.NPER.ZS,,,,,,,,,,,,,,,,,,,,,,,,,,,,,,,,,,,,,,,,,,,,,,,,,,,,,,,,,,,,,
Morocco,MAR,Bank nonperforming loans to total gross loans (%),FB.AST.NPER.ZS,,,,,,,,,,,,,,,,,,,,,,,,,,,,,,,,,,,,,,,,,,,,,,,,,,,,,,,,,,,,,
Monaco,MCO,Bank nonperforming loans to total gross loans (%),FB.AST.NPER.ZS,,,,,,,,,,,,,,,,,,,,,,,,,,,,,,,,,,,,,,,,,,,,,,,,,,,0.393130049,0.344719586,0.187259446,0.092335312,0.118444607,0.119843706,0.195618684,0.227486975,0.217152,0.239742735,
Moldova,MDA,Bank nonperforming loans to total gross loans (%),FB.AST.NPER.ZS,,,,,,,,,,,,,,,,,,,,,,,,,,,,,,,,,,,,,,,,,,,,,,,,,,16.37976082,13.32732204,10.66006408,14.4995943,11.57737489,11.72896396,9.947142467,16.40515173,18.37720939,12.49170434,8.49107604,7.381616542
Madagascar,MDG,Bank nonperforming loans to total gross loans (%),FB.AST.NPER.ZS,,,,,,,,,,,,,,,,,,,,,,,,,,,,,,,,,,,,,,,,,,,,,,7.606197091,6.146283692,6.697344487,6.397523639,8.103987647,9.620968888,10.69357547,11.12574115,11.62585083,10.11964791,9.00695637,8.363893243,7.672621204,7.269692181,7.206471429,7.630492074
Maldives,MDV,Bank nonperforming loans to total gross loans (%),FB.AST.NPER.ZS,,,,,,,,,,,,,,,,,,,,,,,,,,,,,,,,,,,,,,,,,,,,,,,,,,,,,20.92469655,17.56783495,17.47687774,14.05810634,10.63047597,10.45472872,8.896247797,9.391610103,8.257612025
Middle East & North Africa,MEA,Bank nonperforming loans to total gross loans (%),FB.AST.NPER.ZS,,,,,,,,,,,,,,,,,,,,,,,,,,,,,,,,,,,,,,,,,,,,,,,,,,,,,,,,,,,,,
Mexico,MEX,Bank nonperforming loans to total gross loans (%),FB.AST.NPER.ZS,,,,,,,,,,,,,,,,,,,,,,,,,,,,,,,,,,,,,,,,,,,,,,1.498736898,1.77931587,2.3472934,2.965588126,2.810155209,2.04328676,2.115723351,2.444161045,3.243198533,3.036738385,2.523211904,2.087478298,2.089872909,2.050853953,2.09045589,2.429199156
Marshall Islands,MHL,Bank nonperforming loans to total gross loans (%),FB.AST.NPER.ZS,,,,,,,,,,,,,,,,,,,,,,,,,,,,,,,,,,,,,,,,,,,,,,,,,,,,,,,,,,,,,
Middle income,MIC,Bank nonperforming loans to total gross loans (%),FB.AST.NPER.ZS,,,,,,,,,,,,,,,,,,,,,,,,,,,,,,,,,,,,,,,,,,,,,,,,,,,,,,,,,,,,,
North Macedonia,MKD,Bank nonperforming loans to total gross loans (%),FB.AST.NPER.ZS,,,,,,,,,,,,,,,,,,,,,,,,,,,,,,,,,,,,,,,,,,,,,,,11.21370623,7.514488429,6.714619549,8.937369622,9.040709565,9.522691211,10.11239713,10.93956843,10.80591339,10.31444988,6.286614098,6.0984446,5.036092992,4.624711347,3.261295591
Mali,MLI,Bank nonperforming loans to total gross loans (%),FB.AST.NPER.ZS,,,,,,,,,,,,,,,,,,,,,,,,,,,,,,,,,,,,,,,,,,,,,,,,,,,,,,,,,,,,,
Malta,MLT,Bank nonperforming loans to total gross loans (%),FB.AST.NPER.ZS,,,,,,,,,,,,,,,,,,,,,,,,,,,,,,,,,,,,,,,,,,,,,,8.209063807,6.470149971,5.310151211,5.011774035,5.783614563,7.015466015,7.088720973,7.751980435,8.947947859,8.8297769,7.097951108,5.294691896,4.069950215,3.355289261,3.208181044,3.66293042
Myanmar,MMR,Bank nonperforming loans to total gross loans (%),FB.AST.NPER.ZS,,,,,,,,,,,,,,,,,,,,,,,,,,,,,,,,,,,,,,,,,,,,,,,,,,,,,,,,,,,,,
Middle East & North Africa (excluding high income),MNA,Bank nonperforming loans to total gross loans (%),FB.AST.NPER.ZS,,,,,,,,,,,,,,,,,,,,,,,,,,,,,,,,,,,,,,,,,,,,,,,,,,,,,,,,,,,,,
Montenegro,MNE,Bank nonperforming loans to total gross loans (%),FB.AST.NPER.ZS,,,,,,,,,,,,,,,,,,,,,,,,,,,,,,,,,,,,,,,,,,,,,,,2.889778335,3.201686495,7.2824329,13.5943097,21.04287807,15.3439282,17.33824439,20.5604769,18.83321698,14.75332075,11.47600946,8.359173332,7.426381898,5.117800417,5.895868266
Mongolia,MNG,Bank nonperforming loans to total gross loans (%),FB.AST.NPER.ZS,,,,,,,,,,,,,,,,,,,,,,,,,,,,,,,,,,,,,,,,,,,,,,,,,,,,,,,,,,,,,
Northern Mariana Islands,MNP,Bank nonperforming loans to total gross loans (%),FB.AST.NPER.ZS,,,,,,,,,,,,,,,,,,,,,,,,,,,,,,,,,,,,,,,,,,,,,,,,,,,,,,,,,,,,,
Mozambique,MOZ,Bank nonperforming loans to total gross loans (%),FB.AST.NPER.ZS,,,,,,,,,,,,,,,,,,,,,,,,,,,,,,,,,,,,,,,,,,,,,,,,,,,,,,2.661777059,3.244366756,4.306327391,5.726112606,12.63504611,11.11833617,10.15822805,
Mauritania,MRT,Bank nonperforming loans to total gross loans (%),FB.AST.NPER.ZS,,,,,,,,,,,,,,,,,,,,,,,,,,,,,,,,,,,,,,,,,,,,,,,,,,,,,,,,,,,,,
Mauritius,MUS,Bank nonperforming loans to total gross loans (%),FB.AST.NPER.ZS,,,,,,,,,,,,,,,,,,,,,,,,,,,,,,,,,,,,,,,,,,,,,,,,,,3.292428577,2.764982333,2.807577147,3.637078983,4.150372411,4.919750552,7.19532078,7.75660165,7.029470394,6.521304405,4.940321335,6.205709238
Malawi,MWI,Bank nonperforming loans to total gross loans (%),FB.AST.NPER.ZS,,,,,,,,,,,,,,,,,,,,,,,,,,,,,,,,,,,,,,,,,,,,,,,,,,,,,,,,7.271711652,10.29958033,8.554333172,2.82843527,5.063077528,5.425446964
Malaysia,MYS,Bank nonperforming loans to total gross loans (%),FB.AST.NPER.ZS,,,,,,,,,,,,,,,,,,,,,,,,,,,,,,,,,,,,,,,,,,,,,,9.390239522,8.495598649,6.498810578,4.808180972,3.626565493,3.354026707,2.681390308,2.015843113,1.849146571,1.64578546,1.606828288,1.614268256,1.549187227,1.468190965,1.516120898,1.566621458
North America,NAC,Bank nonperforming loans to total gross loans (%),FB.AST.NPER.ZS,,,,,,,,,,,,,,,,,,,,,,,,,,,,,,,,,,,,,,,,,,,,,,,,,,,,,,,,,,,,,
Namibia,NAM,Bank nonperforming loans to total gross loans (%),FB.AST.NPER.ZS,,,,,,,,,,,,,,,,,,,,,,,,,,,,,,,,,,,,,,,,,,,,,,,,,,,1.964727283,1.486349269,1.337351636,1.285561383,1.453340824,1.551695434,1.544549224,2.585572598,3.579172902,4.564924858,6.393322977
New Caledonia,NCL,Bank nonperforming loans to total gross loans (%),FB.AST.NPER.ZS,,,,,,,,,,,,,,,,,,,,,,,,,,,,,,,,,,,,,,,,,,,,,,,,,,,,,,,,,,,,,
Niger,NER,Bank nonperforming loans to total gross loans (%),FB.AST.NPER.ZS,,,,,,,,,,,,,,,,,,,,,,,,,,,,,,,,,,,,,,,,,,,,,,,,,,,,,,,,,,,,,
Nigeria,NGA,Bank nonperforming loans to total gross loans (%),FB.AST.NPER.ZS,,,,,,,,,,,,,,,,,,,,,,,,,,,,,,,,,,,,,,,,,,,,,,,,9.502621235,7.193590138,37.25328727,20.14309961,5.771628604,3.705224907,3.393391176,2.959538371,4.860885562,12.81506412,14.80962968,11.67452611,6.058390274,6.024515462
Nicaragua,NIC,Bank nonperforming loans to total gross loans (%),FB.AST.NPER.ZS,,,,,,,,,,,,,,,,,,,,,,,,,,,,,,,,,,,,,,,,,,,,,,,,,2.964653175,3.260168582,4.415836658,4.040403972,1.710884222,0.891408448,0.997774217,0.885556332,0.860695208,1.039391611,2.426279923,3.101416669,3.699931929
Netherlands,NLD,Bank nonperforming loans to total gross loans (%),FB.AST.NPER.ZS,,,,,,,,,,,,,,,,,,,,,,,,,,,,,,,,,,,,,,,,,,,,,,,,,1.681397737,3.20168768,2.832348698,2.710876908,3.097844285,3.227168886,2.982662153,2.711984666,2.540527448,2.305427077,1.959881496,1.856287304,1.887741059
Norway,NOR,Bank nonperforming loans to total gross loans (%),FB.AST.NPER.ZS,,,,,,,,,,,,,,,,,,,,,,,,,,,,,,,,,,,,,,,,,,,,,,,,,0.723251028,1.278710526,1.519813652,1.684349073,1.512157551,1.338726707,1.130887907,1.053375611,1.184730379,1.00040358,0.74642785,0.801131694,0.736074194
Nepal,NPL,Bank nonperforming loans to total gross loans (%),FB.AST.NPER.ZS,,,,,,,,,,,,,,,,,,,,,,,,,,,,,,,,,,,,,,,,,,,,,,,,,,,,,,,,,1.684336594,1.699085522,1.562378391,1.661035902,1.677216698
Nauru,NRU,Bank nonperforming loans to total gross loans (%),FB.AST.NPER.ZS,,,,,,,,,,,,,,,,,,,,,,,,,,,,,,,,,,,,,,,,,,,,,,,,,,,,,,,,,,,,,
New Zealand,NZL,Bank nonperforming loans to total gross loans (%),FB.AST.NPER.ZS,,,,,,,,,,,,,,,,,,,,,,,,,,,,,,,,,,,,,,,,,,,,,,,,,,,,,,,,,,,,,
OECD members,OED,Bank nonperforming loans to total gross loans (%),FB.AST.NPER.ZS,,,,,,,,,,,,,,,,,,,,,,,,,,,,,,,,,,,,,,,,,,,,,,,,,,,,,,,,,,,,,
Oman,OMN,Bank nonperforming loans to total gross loans (%),FB.AST.NPER.ZS,,,,,,,,,,,,,,,,,,,,,,,,,,,,,,,,,,,,,,,,,,,,,,,,,,,,,,,,,,,,,
Other small states,OSS,Bank nonperforming loans to total gross loans (%),FB.AST.NPER.ZS,,,,,,,,,,,,,,,,,,,,,,,,,,,,,,,,,,,,,,,,,,,,,,,,,,,,,,,,,,,,,
Pakistan,PAK,Bank nonperforming loans to total gross loans (%),FB.AST.NPER.ZS,,,,,,,,,,,,,,,,,,,,,,,,,,,,,,,,,,,,,,,,,,,,,,8.977576466,7.297959256,7.442269159,9.127372223,12.15368284,14.74754345,16.20717345,14.4709256,12.98688683,12.26579248,11.35888408,10.05584293,8.429489491,7.97371472,8.5820238,9.185791218
Panama,PAN,Bank nonperforming loans to total gross loans (%),FB.AST.NPER.ZS,,,,,,,,,,,,,,,,,,,,,,,,,,,,,,,,,,,,,,,,,,,,,,1.84008434,1.43990668,1.371594005,1.645542489,1.401835298,1.050940536,0.852929647,0.695594214,0.746271777,0.92792404,1.008815429,1.255958122,1.420986077,1.742743332,1.955254573,2.013401762
Peru,PER,Bank nonperforming loans to total gross loans (%),FB.AST.NPER.ZS,,,,,,,,,,,,,,,,,,,,,,,,,,,,,,,,,,,,,,,,,,,,,,,,,,,3.027006014,2.892750584,3.233320918,3.502943318,3.953458961,3.925485924,4.292316547,4.695025165,3.271049635,3.365994459,4.127608566
Philippines,PHL,Bank nonperforming loans to total gross loans (%),FB.AST.NPER.ZS,,,,,,,,,,,,,,,,,,,,,,,,,,,,,,,,,,,,,,,,,,,,,,,,,,3.489474948,3.380743405,2.555457719,2.222894812,2.440864522,2.024686654,1.885478208,1.7158481,1.579311204,1.673636103,1.974284175,3.531958517
Palau,PLW,Bank nonperforming loans to total gross loans (%),FB.AST.NPER.ZS,,,,,,,,,,,,,,,,,,,,,,,,,,,,,,,,,,,,,,,,,,,,,,,,,,,,,,,,,,,,,
Papua New Guinea,PNG,Bank nonperforming loans to total gross loans (%),FB.AST.NPER.ZS,,,,,,,,,,,,,,,,,,,,,,,,,,,,,,,,,,,,,,,,,,,,,,,,,1.777744627,2.023653001,1.9165712,2.083095282,2.158517667,1.798543862,2.090477844,3.081299154,2.499750834,2.768181005,3.730188241,3.786236884,5.326125746
Poland,POL,Bank nonperforming loans to total gross loans (%),FB.AST.NPER.ZS,,,,,,,,,,,,,,,,,,,,,,,,,,,,,,,,,,,,,,,,,,,,,,,,,2.822081993,4.287723762,4.912422601,4.662877368,5.202039832,4.977912286,4.823819241,4.341512013,4.046358673,3.944270697,3.853511616,3.800538726,3.712336056
Pre-demographic dividend,PRE,Bank nonperforming loans to total gross loans (%),FB.AST.NPER.ZS,,,,,,,,,,,,,,,,,,,,,,,,,,,,,,,,,,,,,,,,,,,,,,,,,,,,,,,,,,,,,
Puerto Rico,PRI,Bank nonperforming loans to total gross loans (%),FB.AST.NPER.ZS,,,,,,,,,,,,,,,,,,,,,,,,,,,,,,,,,,,,,,,,,,,,,,,,,,,,,,,,,,,,,
"Korea, Dem. People's Rep.",PRK,Bank nonperforming loans to total gross loans (%),FB.AST.NPER.ZS,,,,,,,,,,,,,,,,,,,,,,,,,,,,,,,,,,,,,,,,,,,,,,,,,,,,,,,,,,,,,
Portugal,PRT,Bank nonperforming loans to total gross loans (%),FB.AST.NPER.ZS,,,,,,,,,,,,,,,,,,,,,,,,,,,,,,,,,,,,,,,,,,,,,,,,2.852848772,3.599881986,5.132467902,5.306780237,7.474692217,9.744011233,10.61704365,11.90570861,17.47587941,17.18441827,13.26668898,9.428722712,6.182674976,4.858840188
Paraguay,PRY,Bank nonperforming loans to total gross loans (%),FB.AST.NPER.ZS,,,,,,,,,,,,,,,,,,,,,,,,,,,,,,,,,,,,,,,,,,,,,,6.387626559,3.660083604,1.744135635,1.479076059,1.808232135,1.43941743,1.86453526,2.216888117,2.131497495,1.990470358,2.59379453,2.941401671,2.811514276,2.512021752,2.557864045,2.410026365
West Bank and Gaza,PSE,Bank nonperforming loans to total gross loans (%),FB.AST.NPER.ZS,,,,,,,,,,,,,,,,,,,,,,,,,,,,,,,,,,,,,,,,,,,,,,,,,8.163750183,4.119164612,3.068186233,2.764208471,3.076917572,2.882471422,2.541113694,2.14279239,2.179018222,2.317753411,3.041083653,4.110777168,
Pacific island small states,PSS,Bank nonperforming loans to total gross loans (%),FB.AST.NPER.ZS,,,,,,,,,,,,,,,,,,,,,,,,,,,,,,,,,,,,,,,,,,,,,,,,,,,,,,,,,,,,,
Post-demographic dividend,PST,Bank nonperforming loans to total gross loans (%),FB.AST.NPER.ZS,,,,,,,,,,,,,,,,,,,,,,,,,,,,,,,,,,,,,,,,,,,,,,,,,,,,,,,,,,,,,
French Polynesia,PYF,Bank nonperforming loans to total gross loans (%),FB.AST.NPER.ZS,,,,,,,,,,,,,,,,,,,,,,,,,,,,,,,,,,,,,,,,,,,,,,,,,,,,,,,,,,,,,
Qatar,QAT,Bank nonperforming loans to total gross loans (%),FB.AST.NPER.ZS,,,,,,,,,,,,,,,,,,,,,,,,,,,,,,,,,,,,,,,,,,,,,,,,,,,,,,,,,,,,,
Romania,ROU,Bank nonperforming loans to total gross loans (%),FB.AST.NPER.ZS,,,,,,,,,,,,,,,,,,,,,,,,,,,,,,,,,,,,,,,,,,,,,,,,2.585393728,2.746502654,7.891844259,11.8538635,14.3279566,18.23744497,21.87297478,13.93769567,13.50621927,9.621565157,6.411894092,4.95654594,4.085479765,3.833242142
Russian Federation,RUS,Bank nonperforming loans to total gross loans (%),FB.AST.NPER.ZS,,,,,,,,,,,,,,,,,,,,,,,,,,,,,,,,,,,,,,,,,,,,,,,,,3.802113544,9.531627659,8.234320927,6.590142016,6.026646392,6.000691339,6.730964648,8.347232397,9.444737019,10.00141225,10.1235978,9.28910211,8.760515526
Rwanda,RWA,Bank nonperforming loans to total gross loans (%),FB.AST.NPER.ZS,,,,,,,,,,,,,,,,,,,,,,,,,,,,,,,,,,,,,,,,,,,,,,,,,10.27102878,8.583120497,7.332349078,5.592805084,5.106210268,5.932765129,5.223726418,5.906127141,7.616837479,7.224935872,5.811302934,4.381527402,4.372855368
South Asia,SAS,Bank nonperforming loans to total gross loans (%),FB.AST.NPER.ZS,,,,,,,,,,,,,,,,,,,,,,,,,,,,,,,,,,,,,,,,,,,,,,,,,,,,,,,,,,,,,
Saudi Arabia,SAU,Bank nonperforming loans to total gross loans (%),FB.AST.NPER.ZS,,,,,,,,,,,,,,,,,,,,,,,,,,,,,,,,,,,,,,,,,,,,,,,,,,3.286971483,2.968184719,2.224119865,1.66979368,1.306838828,1.080338053,1.23698687,1.38335896,1.613649072,1.952317857,1.858390385,2.182905505
Sudan,SDN,Bank nonperforming loans to total gross loans (%),FB.AST.NPER.ZS,,,,,,,,,,,,,,,,,,,,,,,,,,,,,,,,,,,,,,,,,,,,,,,,,,,,,,,,,,,,,
Senegal,SEN,Bank nonperforming loans to total gross loans (%),FB.AST.NPER.ZS,,,,,,,,,,,,,,,,,,,,,,,,,,,,,,,,,,,,,,,,,,,,,,,,,,,,,,,,,,,,,
Singapore,SGP,Bank nonperforming loans to total gross loans (%),FB.AST.NPER.ZS,,,,,,,,,,,,,,,,,,,,,,,,,,,,,,,,,,,,,,,,,,,,,,,,,1.425499655,2.034384342,1.406354258,1.060455609,1.042628089,0.866941606,0.756532862,0.924062905,1.222533072,1.400200927,1.309517852,1.306422233,
Solomon Islands,SLB,Bank nonperforming loans to total gross loans (%),FB.AST.NPER.ZS,,,,,,,,,,,,,,,,,,,,,,,,,,,,,,,,,,,,,,,,,,,,,,,,,,,9.305652668,5.753038826,3.580779597,7.046023024,4.688502848,4.134497472,3.846620639,6.373257065,7.125331622,10.41426106,10.78521536
Sierra Leone,SLE,Bank nonperforming loans to total gross loans (%),FB.AST.NPER.ZS,,,,,,,,,,,,,,,,,,,,,,,,,,,,,,,,,,,,,,,,,,,,,,,,,,,,,,,,,,,,,
El Salvador,SLV,Bank nonperforming loans to total gross loans (%),FB.AST.NPER.ZS,,,,,,,,,,,,,,,,,,,,,,,,,,,,,,,,,,,,,,,,,,,,,,1.921312788,1.916489379,2.051994353,2.786863751,3.679216424,3.9,3.570143263,2.826362099,2.291982604,2.307453444,2.254071959,2.081088075,1.894192873,1.84617309,1.720457332,1.570561186
San Marino,SMR,Bank nonperforming loans to total gross loans (%),FB.AST.NPER.ZS,,,,,,,,,,,,,,,,,,,,,,,,,,,,,,,,,,,,,,,,,,,,,,,,,,6.902682518,11.92460027,34.0544631,20.29181567,42.44166629,43.11584914,52.5838149,49.24793273,54.04997273,53.01783968,61.69157167,63.51002153
Somalia,SOM,Bank nonperforming loans to total gross loans (%),FB.AST.NPER.ZS,,,,,,,,,,,,,,,,,,,,,,,,,,,,,,,,,,,,,,,,,,,,,,,,,,,,,,,,,,,,,
Serbia,SRB,Bank nonperforming loans to total gross loans (%),FB.AST.NPER.ZS,,,,,,,,,,,,,,,,,,,,,,,,,,,,,,,,,,,,,,,,,,,,,,,,,,,,,,,,,,,,,
Sub-Saharan Africa (excluding high income),SSA,Bank nonperforming loans to total gross loans (%),FB.AST.NPER.ZS,,,,,,,,,,,,,,,,,,,,,,,,,,,,,,,,,,,,,,,,,,,,,,,,,,,,,,,,,,,,,
South Sudan,SSD,Bank nonperforming loans to total gross loans (%),FB.AST.NPER.ZS,,,,,,,,,,,,,,,,,,,,,,,,,,,,,,,,,,,,,,,,,,,,,,,,,,,,,,,,,,,,,
Sub-Saharan Africa,SSF,Bank nonperforming loans to total gross loans (%),FB.AST.NPER.ZS,,,,,,,,,,,,,,,,,,,,,,,,,,,,,,,,,,,,,,,,,,,,,,,,,,,,,,,,,,,,,
Small states,SST,Bank nonperforming loans to total gross loans (%),FB.AST.NPER.ZS,,,,,,,,,,,,,,,,,,,,,,,,,,,,,,,,,,,,,,,,,,,,,,,,,,,,,,,,,,,,,
Sao Tome and Principe,STP,Bank nonperforming loans to total gross loans (%),FB.AST.NPER.ZS,,,,,,,,,,,,,,,,,,,,,,,,,,,,,,,,,,,,,,,,,,,,,,,,,,,,,,,,,,,,,
Suriname,SUR,Bank nonperforming loans to total gross loans (%),FB.AST.NPER.ZS,,,,,,,,,,,,,,,,,,,,,,,,,,,,,,,,,,,,,,,,,,,,,,,,,,,,,,,,,,,,,
Slovak Republic,SVK,Bank nonperforming loans to total gross loans (%),FB.AST.NPER.ZS,,,,,,,,,,,,,,,,,,,,,,,,,,,,,,,,,,,,,,,,,,,,,,,,,2.486045253,5.293444237,5.836314157,5.612870256,5.222510613,5.139375572,5.34689326,4.870871848,4.443661264,3.701005038,3.077561685,2.871183091,2.530012655
Slovenia,SVN,Bank nonperforming loans to total gross loans (%),FB.AST.NPER.ZS,,,,,,,,,,,,,,,,,,,,,,,,,,,,,,,,,,,,,,,,,,,,,,,,,4.21574658,5.791230542,8.214183887,11.81402139,15.18007722,13.31132467,11.73192766,9.962115156,5.071376852,3.203634457,6.009217491,3.364772691,3.017635032
Sweden,SWE,Bank nonperforming loans to total gross loans (%),FB.AST.NPER.ZS,,,,,,,,,,,,,,,,,,,,,,,,,,,,,,,,,,,,,,,,,,,,,,,0.10462464,0.081807803,0.462078292,0.834133008,0.78356326,0.654054945,0.700061655,0.614387788,1.23836747,1.165105807,1.064590679,1.119780846,0.49490867,0.581325196,0.513361451
Eswatini,SWZ,Bank nonperforming loans to total gross loans (%),FB.AST.NPER.ZS,,,,,,,,,,,,,,,,,,,,,,,,,,,,,,,,,,,,,,,,,,,,,,,,,,5.869101756,7.807413525,3.52727008,10.6707565,6.793422406,6.870687906,6.630271672,9.621050685,7.916834517,9.315518663,9.445937102,
Sint Maarten (Dutch part),SXM,Bank nonperforming loans to total gross loans (%),FB.AST.NPER.ZS,,,,,,,,,,,,,,,,,,,,,,,,,,,,,,,,,,,,,,,,,,,,,,,,,,,,,,,,,,,,,
Seychelles,SYC,Bank nonperforming loans to total gross loans (%),FB.AST.NPER.ZS,,,,,,,,,,,,,,,,,,,,,,,,,,,,,,,,,,,,,,,,,,,,,,,4.364406989,2.329894523,2.028692283,3.776282301,5.466063659,8.122779315,9.008871749,9.221476699,7.989879981,7.587524255,6.752184657,8.122550965,4.431036123,3.490404514,
Syrian Arab Republic,SYR,Bank nonperforming loans to total gross loans (%),FB.AST.NPER.ZS,,,,,,,,,,,,,,,,,,,,,,,,,,,,,,,,,,,,,,,,,,,,,,,,,,,,,,,,,,,,,
Turks and Caicos Islands,TCA,Bank nonperforming loans to total gross loans (%),FB.AST.NPER.ZS,,,,,,,,,,,,,,,,,,,,,,,,,,,,,,,,,,,,,,,,,,,,,,,,,,,,,,,,,,,,,
Chad,TCD,Bank nonperforming loans to total gross loans (%),FB.AST.NPER.ZS,,,,,,,,,,,,,,,,,,,,,,,,,,,,,,,,,,,,,,,,,,,,,,,,,,,9.919275219,7.647697117,7.373928104,9.777181448,11.73776389,17.01079435,20.87771536,25.81019056,28.62624659,22.85757799,
East Asia & Pacific (IDA & IBRD countries),TEA,Bank nonperforming loans to total gross loans (%),FB.AST.NPER.ZS,,,,,,,,,,,,,,,,,,,,,,,,,,,,,,,,,,,,,,,,,,,,,,,,,,,,,,,,,,,,,
Europe & Central Asia (IDA & IBRD countries),TEC,Bank nonperforming loans to total gross loans (%),FB.AST.NPER.ZS,,,,,,,,,,,,,,,,,,,,,,,,,,,,,,,,,,,,,,,,,,,,,,,,,,,,,,,,,,,,,
Togo,TGO,Bank nonperforming loans to total gross loans (%),FB.AST.NPER.ZS,,,,,,,,,,,,,,,,,,,,,,,,,,,,,,,,,,,,,,,,,,,,,,,,,,,,,,,,,,,,,
Thailand,THA,Bank nonperforming loans to total gross loans (%),FB.AST.NPER.ZS,,,,,,,,,,,,,,,,,,,,,,,,,,,,,,,,,,,,,,,,,,,,,,,7.767596474,7.598444559,5.598792113,5.220618612,3.887857845,2.932618536,2.430186797,2.303827131,2.305232984,2.682830867,2.985696076,3.070802059,3.08394489,3.130271824,3.23
Tajikistan,TJK,Bank nonperforming loans to total gross loans (%),FB.AST.NPER.ZS,,,,,,,,,,,,,,,,,,,,,,,,,,,,,,,,,,,,,,,,,,,,,,,,,5.399917521,9.645792199,7.444300698,7.194830101,9.464039949,13.18347626,20.38938977,,,,,,
Turkmenistan,TKM,Bank nonperforming loans to total gross loans (%),FB.AST.NPER.ZS,,,,,,,,,,,,,,,,,,,,,,,,,,,,,,,,,,,,,,,,,,,,,,,,,,,,,,,,,,,,,
Latin America & the Caribbean (IDA & IBRD countries),TLA,Bank nonperforming loans to total gross loans (%),FB.AST.NPER.ZS,,,,,,,,,,,,,,,,,,,,,,,,,,,,,,,,,,,,,,,,,,,,,,,,,,,,,,,,,,,,,
Timor-Leste,TLS,Bank nonperforming loans to total gross loans (%),FB.AST.NPER.ZS,,,,,,,,,,,,,,,,,,,,,,,,,,,,,,,,,,,,,,,,,,,,,,,,,,,,,,,,,,,,,
Middle East & North Africa (IDA & IBRD countries),TMN,Bank nonperforming loans to total gross loans (%),FB.AST.NPER.ZS,,,,,,,,,,,,,,,,,,,,,,,,,,,,,,,,,,,,,,,,,,,,,,,,,,,,,,,,,,,,,
Tonga,TON,Bank nonperforming loans to total gross loans (%),FB.AST.NPER.ZS,,,,,,,,,,,,,,,,,,,,,,,,,,,,,,,,,,,,,,,,,,,,,,,,,,0,0,0,14.37317964,10.60571935,10.47813613,7.712205403,4.296916935,3.68327095,3.583111512,3.219760853,
South Asia (IDA & IBRD),TSA,Bank nonperforming loans to total gross loans (%),FB.AST.NPER.ZS,,,,,,,,,,,,,,,,,,,,,,,,,,,,,,,,,,,,,,,,,,,,,,,,,,,,,,,,,,,,,
Sub-Saharan Africa (IDA & IBRD countries),TSS,Bank nonperforming loans to total gross loans (%),FB.AST.NPER.ZS,,,,,,,,,,,,,,,,,,,,,,,,,,,,,,,,,,,,,,,,,,,,,,,,,,,,,,,,,,,,,
Trinidad and Tobago,TTO,Bank nonperforming loans to total gross loans (%),FB.AST.NPER.ZS,,,,,,,,,,,,,,,,,,,,,,,,,,,,,,,,,,,,,,,,,,,,,,,1.354685261,0.706313739,2.439493357,4.885337729,6.090557016,6.186227672,5.324232898,4.183965099,4.060297042,3.409223653,3.125005319,2.87221756,3.04,2.903870129,3.197573694
Tunisia,TUN,Bank nonperforming loans to total gross loans (%),FB.AST.NPER.ZS,,,,,,,,,,,,,,,,,,,,,,,,,,,,,,,,,,,,,,,,,,,,,,,,,,,,,,,,,,,,,
Turkey,TUR,Bank nonperforming loans to total gross loans (%),FB.AST.NPER.ZS,,,,,,,,,,,,,,,,,,,,,,,,,,,,,,,,,,,,,,,,,,,,,,4.315898503,3.580986837,3.321397779,3.441673401,4.969976254,3.489591585,2.576322112,2.743367598,2.636271026,2.74183132,2.987723292,3.109683731,2.842713659,3.686909046,5.022949293,3.89009244
Tuvalu,TUV,Bank nonperforming loans to total gross loans (%),FB.AST.NPER.ZS,,,,,,,,,,,,,,,,,,,,,,,,,,,,,,,,,,,,,,,,,,,,,,,,,,,,,,,,,,,,,
Tanzania,TZA,Bank nonperforming loans to total gross loans (%),FB.AST.NPER.ZS,,,,,,,,,,,,,,,,,,,,,,,,,,,,,,,,,,,,,,,,,,,,,,,,,,,7.843761225,5.396372302,6.401885496,5.115144866,6.583984712,8.582502699,9.608099459,11.52356212,9.930090794,9.6137167,8.696771939
Uganda,UGA,Bank nonperforming loans to total gross loans (%),FB.AST.NPER.ZS,,,,,,,,,,,,,,,,,,,,,,,,,,,,,,,,,,,,,,,,,,,,,,2.138988584,2.752464601,3.932448106,2.090217969,3.973991213,1.861581935,2.032127725,4.055849074,5.756889077,4.010596622,5.126955531,10.40131075,5.505776835,3.335699891,4.749979565,5.215867517
Ukraine,UKR,Bank nonperforming loans to total gross loans (%),FB.AST.NPER.ZS,,,,,,,,,,,,,,,,,,,,,,,,,,,,,,,,,,,,,,,,,,,,,,57.98977165,59.75662758,48.11837372,3.883848243,13.69777132,15.26651177,14.73228843,16.54233036,12.88613908,18.98442302,28.03477147,30.46826992,54.54129587,52.84757706,48.35851106,41.00409554
Upper middle income,UMC,Bank nonperforming loans to total gross loans (%),FB.AST.NPER.ZS,,,,,,,,,,,,,,,,,,,,,,,,,,,,,,,,,,,,,,,,,,,,,,,,,,,,,,,,,,,,,
Uruguay,URY,Bank nonperforming loans to total gross loans (%),FB.AST.NPER.ZS,,,,,,,,,,,,,,,,,,,,,,,,,,,,,,,,,,,,,,,,,,,,,,,,,0.509364859,3.816686716,2.422809002,1.491054419,1.325475892,1.276942115,1.277822101,1.598174956,2.315861812,2.371680986,2.255322114,1.95426121,1.632628916
United States,USA,Bank nonperforming loans to total gross loans (%),FB.AST.NPER.ZS,,,,,,,,,,,,,,,,,,,,,,,,,,,,,,,,,,,,,,,,,,,,,,,,,,4.959904136,4.387743094,3.781504469,3.317291624,2.452391182,1.850711802,1.473426549,1.320522177,1.126824157,0.913161531,0.85525196,1.065369146
Uzbekistan,UZB,Bank nonperforming loans to total gross loans (%),FB.AST.NPER.ZS,,,,,,,,,,,,,,,,,,,,,,,,,,,,,,,,,,,,,,,,,,,,,,,,,,,0.965131048,0.709190155,3.053283531,2.816700329,2.096870348,1.462414614,0.744086679,1.197807531,1.278716443,1.497813463,2.060653214
St. Vincent and the Grenadines,VCT,Bank nonperforming loans to total gross loans (%),FB.AST.NPER.ZS,,,,,,,,,,,,,,,,,,,,,,,,,,,,,,,,,,,,,,,,,,,,,,,,,,,,,,,,8.653519352,9.531348546,8.173336593,6.476605963,6.423136429,7.382753141
"Venezuela, RB",VEN,Bank nonperforming loans to total gross loans (%),FB.AST.NPER.ZS,,,,,,,,,,,,,,,,,,,,,,,,,,,,,,,,,,,,,,,,,,,,,,,,,,,,,,,,,,,,,
British Virgin Islands,VGB,Bank nonperforming loans to total gross loans (%),FB.AST.NPER.ZS,,,,,,,,,,,,,,,,,,,,,,,,,,,,,,,,,,,,,,,,,,,,,,,,,,,,,,,,,,,,,
Virgin Islands (U.S.),VIR,Bank nonperforming loans to total gross loans (%),FB.AST.NPER.ZS,,,,,,,,,,,,,,,,,,,,,,,,,,,,,,,,,,,,,,,,,,,,,,,,,,,,,,,,,,,,,
Vietnam,VNM,Bank nonperforming loans to total gross loans (%),FB.AST.NPER.ZS,,,,,,,,,,,,,,,,,,,,,,,,,,,,,,,,,,,,,,,,,,,,,,,,,2.150998205,1.796566094,2.092599382,2.792093848,3.437910165,3.107072633,2.93510796,2.338499215,2.28,1.82498123,1.804213673,1.501126879,
Vanuatu,VUT,Bank nonperforming loans to total gross loans (%),FB.AST.NPER.ZS,,,,,,,,,,,,,,,,,,,,,,,,,,,,,,,,,,,,,,,,,,,,,,,,,,,4.771505435,7.820159708,7.826785289,14.10439516,10.72651223,12.26699043,10.809888,15.04522644,,,
World,WLD,Bank nonperforming loans to total gross loans (%),FB.AST.NPER.ZS,,,,,,,,,,,,,,,,,,,,,,,,,,,,,,,,,,,,,,,,,,,,,,,,,,,,,,,,,,,,,
Samoa,WSM,Bank nonperforming loans to total gross loans (%),FB.AST.NPER.ZS,,,,,,,,,,,,,,,,,,,,,,,,,,,,,,,,,,,,,,,,,,,4.5,5.3,5.2,4.4,3.9,7.1,6,5.2,4.7,4.8,5.2,5.8,6.9,5.3,3.724058,5.28,3.604161473,3.952487646,
Kosovo,XKX,Bank nonperforming loans to total gross loans (%),FB.AST.NPER.ZS,,,,,,,,,,,,,,,,,,,,,,,,,,,,,,,,,,,,,,,,,,,,,,,,,,,5.805263746,5.665800528,7.400829799,8.548246196,8.30909888,6.151847684,4.929146975,3.08526138,2.524050997,1.901133633,2.474183173
"Yemen, Rep.",YEM,Bank nonperforming loans to total gross loans (%),FB.AST.NPER.ZS,,,,,,,,,,,,,,,,,,,,,,,,,,,,,,,,,,,,,,,,,,,,,,,,,,,,,,,,,,,,,
South Africa,ZAF,Bank nonperforming loans to total gross loans (%),FB.AST.NPER.ZS,,,,,,,,,,,,,,,,,,,,,,,,,,,,,,,,,,,,,,,,,,,,,,,,,3.921515176,5.936110059,5.79213812,4.680856038,4.042891794,3.641286725,3.244846693,3.121685643,2.857807896,2.842000044,3.728020835,3.892390382,5.180283295
Zambia,ZMB,Bank nonperforming loans to total gross loans (%),FB.AST.NPER.ZS,,,,,,,,,,,,,,,,,,,,,,,,,,,,,,,,,,,,,,,,,,,,,,,,,,,14.82359421,10.37619288,8.105391321,6.958362271,6.104317825,7.279210099,9.664944087,11.98370305,10.95119815,8.907277924,11.63056594
Zimbabwe,ZWE,Bank nonperforming loans to total gross loans (%),FB.AST.NPER.ZS,,,,,,,,,,,,,,,,,,,,,,,,,,,,,,,,,,,,,,,,,,,,,,,,,,,,,,,,,,,,,
